,MSE,MAE,R2,RMSE,model,model_family
276,6.347515998261129,1.9662808283688613,0.2375200031606094,2.519427712450018,LinearRegression,Linear
277,6.331582138903204,1.9646037926998057,0.2394340194523679,2.516263527316486,Lasso,Linear
564,6.3449785718660605,1.9658767443750265,0.2378248053651603,2.518924090135719,Ridge,Linear
565,6.329218008497889,1.963862240436656,0.239718004895566,2.515793713422841,ElasticNet,Linear
852,6.64977505920872,1.970805934154764,0.201211865000874,2.578715777127972,KNeighborsRegressor,Nearest Neighbors
853,6.640819110213722,1.9723074838268853,0.2022876766984372,2.5769786786494224,DecisionTreeRegressor,Single Tree
1002,7.134396246963663,2.1326546163662745,0.1429979177167841,2.671029061422519,AdaBoostRegressor,Ensemble
